Feature,Category,Flatpak,Debian,Ubuntu,Linux Mint,LMDE,PopOS,MX Linux,Zorin OS,KDE neon,openSUSE,Fedora,Arch,Manjaro,Endeavour,Gnome,Xfce,Cinnamon,KDE,Notes
Adabtable dark mode,QoL,yes,-,-,-,-,-,-,-,-,-,-,-,-,-,yes *,yes,yes,yes,"*) depends on window theme,not gtk  "
Hotkey handling,Core,yes,yes *,yes *,yes,yes,yes,yes,yes,yes,yes,yes *,yes,?,?,yes *,yes,yes,yes,*) only works on wayland with workaround described in #24
Feedback function,N2H,yes,yes,yes,yes,yes,yes,yes,yes,yes,yes,yes,yes,yes,yes,-,-,-,-,
Automatic recognition of environment,Core,yes,yes,yes,yes,yes,yes,yes,yes,yes,yes,yes,yes,yes,yes,yes,yes,yes,yes,
App search,Core,yes,yes,yes,yes,yes,yes,yes,yes,yes,yes,yes,yes,yes,yes*,yes,yes,yes,yes,*) Icons are very small here
Folder structure search,Core,yes,yes,yes,yes,yes,yes,yes,yes,yes,yes,yes,yes,yes,yes,yes,yes,yes,yes,
Bookmark/Places folder search,QoL,yes,-,-,-,-,-,-,-,-,-,-,-,-,-,yes,yes,yes,yes,
Recent file search,QoL,yes,-,-,-,-,-,-,-,-,-,-,-,-,-,yes,yes,yes,yes,
Favorite file search,QoL,yes,-,-,-,-,-,-,-,-,-,-,-,-,-,no,no,yes,no,
Browser bookmark search,QoL,yes,yes,?,yes,yes,yes,yes,yes,yes,yes,yes,yes,yes,yes,yes,yes,yes,yes," Currently works with firefox,chromium and chrome; needs to checked with firefox on snap  "
Security check,Core,yes,yes,yes,yes,yes,yes,yes,yes,yes,yes,yes,yes,?,?,yes,yes,yes,yes,
Health check,Core,yes,yes,yes,yes,yes,yes,yes,yes,yes,yes,yes,yes,yes,yes,,,,,
After installation routine,Core,yes,yes,yes,yes,yes,yes,yes,yes,yes,yes,yes,yes,yes,yes,yes,yes,yes,yes,
Warpinator,N2H,yes,yes,yes,yes,yes,yes,yes,yes,yes,yes,yes,yes,yes,yes,yes,yes,yes,yes,Only works if flatpak is installed/available in the sources
Nvidia installation,Core,-,(yes),yes,yes,(yes),(yes),(yes),(yes),(yes),no,no,no,no,no,-,-,-,-,
Multimedia codecs installation,QoL,yes,yes,yes,yes,yes,yes,yes,yes,yes,yes,yes,yes,yes,yes,-,-,-,-,
Timeshift setup,Core,yes,yes,yes,yes,yes,yes,yes,yes *,yes,no,no,yes,yes,yes,-,-,-,-,*) When you start timeshift the welcome dialog with config is started. But the timeshift.json is configured successfully??
Automatic update setup,Core,yes,yes,yes,yes,yes,yes,yes,yes,yes,yes,yes,no,no,no,-,-,-,-,integrates on Linux Mint with mintupdate
Update full system (all packages of all pack. man.),Core,yes,yes,yes,yes,yes,yes,yes,yes,yes,yes,yes,yes,yes,yes,-,-,-,-,
Search and installation/uninstallation of system packages,Core,yes,yes,yes,yes,yes,yes,yes,yes,yes,yes,yes,yes,yes,yes,-,-,-,-,
General integration of system package manager,Core,yes,yes,yes,yes,yes,yes,yes,yes,yes,yes,yes,yes,yes,yes,-,-,-,-,
General integration of flatpak,Core,yes,yes,yes,yes,yes,yes,yes,yes,yes,yes,yes,yes,yes,yes,-,-,-,-,
General integration of snapd,Core,yes,yes,yes,yes,yes,yes,yes,yes,yes,yes,yes,yes,yes,yes,-,-,-,-,
Recognition of drive space utilization,Core,yes,yes,yes,yes,yes,yes,yes,yes,yes,yes,yes,yes,yes,yes,,,,,
Change user passwort dialog,QoL,yes,-,-,-,-,-,yes,-,no,-,yes,-,,,yes,yes,yes,no,
open system information,QoL,yes,-,-,-,-,-,yes,-,no,-,yes,-,yes,yes,yes,yes,yes,no,
automatic update check & install of linux assistant,QoL,no,yes,yes,yes,yes,yes,yes,yes,yes,yes,yes,no,no,no,-,-,-,-,
openAdditionalSoftwareSourcesSettings,QoL,yes,yes,yes,yes,yes,yes,yes,yes,yes,yes,yes *,no,no,no,-,-,-,-,*) We can only open gnome-software here
Change Power Mode,QoL,yes,yes,yes,yes,yes,yes,yes,no,yes,?,yes,yes,yes,yes,-,-,-,-,
Change user profile,QoL,yes,-,-,-,yes,-,yes,-,no,-,yes,-,-,-,yes,yes,yes,no,
hardinfo,N2H,yes,yes,yes,yes,yes,yes,yes,yes,yes,?,no *,no *,no *,no *,-,-,-,-,*) Fedora and arch do not have package hardinfo anymore
redshift,N2H,yes,yes,yes,yes,yes,yes,yes,yes,yes,?,yes,no *,yes,yes,yes,yes,yes,yes,*) Does only work with further complicated setup. 
makeCurrentUserToAdministrator,Core,?,yes,yes,yes,yes,yes,yes,yes,yes,?,yes,yes,yes,yes,-,-,-,-,
setupSnapAndInstallSnapStore,QoL,?,yes,yes,yes,yes,yes,yes,yes,yes,no,yes,yes,?,?,-,-,-,-,
Commands in Searchbar,QoL,?,-,-,-,-,-,-,-,-,-,-,-,yes,yes,yes,yes,yes,yes,
AutomaticRepairOfPackageManager,Core,?,yes,yes,yes,yes,yes,yes,yes,yes,yes,yes,no,no,no,-,-,-,-,
openSoftwareCenter,QoL,?,yes,yes,yes,yes,yes,yes,yes,yes,yes,yes,yes,yes,yes,yes,yes,yes,yes,
Hub dashboard,Core,yes,yes,yes,yes,yes,yes,yes,yes,yes,yes,yes,yes,yes,yes,yes,yes,yes,yes,
Live system tiles (CPU/RAM/disk),QoL,yes,yes,yes,yes,yes,yes,yes,yes,yes,yes,yes,yes,yes,yes,yes,yes,yes,yes,
Theme switching without restart,QoL,yes,yes,yes,yes,yes,yes,yes,yes,yes,yes,yes,yes,yes,yes,yes,yes,yes,yes,
Read-only security findings,Core,?,yes,yes,yes,yes,yes,yes,yes,yes,yes *,yes *,yes,yes,yes,-,-,-,-,*) checker script does not report an update count on these distributions
Browser launcher,Core,?,?,?,?,?,?,?,yes,?,?,?,?,?,?,yes,?,?,?,fork hub tool; verified on the reference system only
Quick notes,Core,?,?,?,?,?,?,?,yes,?,?,?,?,?,?,yes,?,?,?,fork hub tool; verified on the reference system only
File manager,Core,?,?,?,?,?,?,?,yes,?,?,?,?,?,?,yes,?,?,?,fork hub tool; verified on the reference system only
System monitor,Core,?,?,?,?,?,?,?,yes,?,?,?,?,?,?,yes,?,?,?,fork hub tool; verified on the reference system only
